name,age,gender,address
Noah Guzman,62,Male,950 Awolow Path
Lois Black,22,Male,502 Gujduw Highway
Lillian Hunt,39,Male,1631 Vuwjem Trail
Frederick Wilkins,64,Female,696 Ceaj Circle
Randall Haynes,34,Female,426 Buco Glen
Oscar Cobb,62,Female,840 Mubkeb Pike
Essie Reynolds,22,Male,601 Uwkon Avenue
Augusta Horton,44,Male,352 Ugjuc View
Linnie Griffith,61,Female,1947 Hasiw Terrace
Cecelia McDonald,18,Female,82 Kibom Ridge
Joel Lewis,56,Male,137 Afiamu Place
Eleanor Kim,57,Female,1200 Taim Glen
Ellen Thompson,38,Male,1620 Hatnih Extension
Mable Bowman,29,Female,1347 Uvuka Avenue
Lucas Colon,24,Male,568 Fumew Park
Ian Moore,29,Female,1589 Ocuji Park
Nettie Barber,23,Female,1933 Osaji Lane
Logan Joseph,25,Male,390 Hora Circle
Marcus Christensen,20,Male,833 Mimnu Heights
Eugene Burns,40,Male,120 Ablew Avenue
Estelle Wilkins,44,Female,108 Pemmi Plaza
Johanna Carson,29,Female,492 Agovo Ridge
Joshua Summers,63,Male,1084 Acuvi Drive
Inez McGuire,27,Male,643 Zume Grove
Shawn Schwartz,27,Male,360 Naslis Center
Harvey Brewer,42,Male,1259 Louna Key
Philip Blair,22,Male,290 Efeco Heights
Jeffery Christensen,54,Male,453 Gogo Park
Jennie Sparks,58,Male,1928 Tirjoc Square
Cora Herrera,45,Male,871 Radsi Path
Clyde Hart,37,Female,957 Fimpu Plaza
Lucy Alvarez,41,Female,485 Mirlaz Lane
Duane Gilbert,37,Female,1719 Aksa Extension
Augusta Goodwin,45,Female,129 Bewva Lane
Ricky Houston,37,Female,1582 Seusi Parkway
Jason Taylor,59,Female,1890 Buceb Street
John Christensen,52,Female,1333 Nojpa Square
Paul Higgins,57,Female,1282 Esuc Path
Herman Mills,37,Female,1592 Kizzan Pike
Lester Hall,36,Female,830 Gabo Lane
Rosalie Fox,24,Female,1094 Jigug Junction
Augusta Hardy,19,Female,13 Fidci Parkway
Alvin Doyle,55,Female,810 Vived Place
Ruth Hopkins,21,Female,1270 Dejmeh Grove
Dora Bridges,19,Male,867 Wibkel Circle
Hilda Meyer,29,Female,1448 Hoihi Point
Ethel Adams,29,Male,565 Sasge Terrace
Lawrence Roberson,49,Male,1227 Ujufuf Street
Agnes Norton,58,Male,1320 Rikib Parkway
Rosetta Santos,57,Female,237 Damage Ridge
Susan Price,41,Female,1493 Mulle Avenue
George Briggs,20,Male,1886 Virwe Court
Martha Ingram,63,Male,1449 Juni Junction
Winifred Gilbert,58,Female,1596 Hubap Square
Darrell Lowe,19,Female,1102 Ilumir Grove
Chester Newton,19,Male,179 Fenez Turnpike
Vera Vargas,65,Male,510 Joeta Mill
Jackson Sharp,19,Male,90 Videt Place
Rose Chambers,22,Female,1443 Jicov Court
Helena Cortez,38,Male,248 Rihva Boulevard
Lena Kim,18,Male,901 Devda Place
Curtis Marsh,26,Male,1494 Naejo Road
Matthew Fernandez,32,Male,1667 Ojwe Extension
Lelia Torres,54,Female,33 Izaawa Circle
Eugene Davidson,65,Male,618 Negob Trail
Rosa Fleming,53,Male,1985 Cica Mill
Verna Lamb,34,Female,741 Ejegi Loop
Andrew Stokes,58,Male,1090 Meugo Terrace
Augusta Cobb,56,Female,375 Tofbe Key
Charlotte Lee,18,Female,20 Dabo Circle
Terry Mann,61,Female,644 Urkev Lane
Rosalie Miles,26,Female,47 Sotewo Plaza
Marion Garcia,43,Male,1852 Ekaaj Highway
Katharine Bowman,56,Male,1314 Updu Court
Susie Stewart,42,Female,817 Tezu Junction
Minnie Dennis,47,Female,328 Vezi Terrace
Nell Ruiz,55,Male,1371 Heksap Park
Bess Ward,55,Male,1055 Cebec Extension
Nettie Brewer,46,Female,1350 Sezseb Highway
Raymond Ray,61,Male,377 Boani Plaza
Eddie Neal,23,Male,267 Podod Grove
Julian Simpson,45,Female,1000 Cumig Grove
Leila Watson,19,Female,1788 Ikco Place
Maria Lucas,63,Female,1256 Hiag Drive
Angel Drake,62,Female,667 Asopeg Circle
Joshua Walton,41,Female,923 Pilak Parkway
Max Yates,65,Male,12 Lokin Junction
Iva Casey,60,Male,157 Kukaz Lane
Maude Evans,52,Male,1204 Vivtu Road
Oscar Walker,52,Male,363 Rahap Center
Lucile McKenzie,31,Female,1130 Gajek Ridge
Richard Jones,54,Male,478 Agoecu Mill
Cameron Nguyen,59,Male,735 Cappu Trail
Effie Walton,47,Female,1975 Tepcek Drive
Josie Kim,50,Male,1726 Vipdit Lane
Birdie Schultz,52,Female,1180 Ahuobo View
Antonio Lloyd,42,Male,1146 Abevu Parkway
Sue Snyder,41,Male,1925 Seuri Drive
Winifred Delgado,21,Female,650 Zumlof Plaza
Lenora Campbell,23,Male,226 Wovek Mill

